{
    "title": "Brazilian Real Estate Market Analysis",
    "property_size_distribution": {
        "2.0": {
            "count": 15887,
            "mean": 408409.87,
            "median": 320000.0
        },
        "3.0": {
            "count": 21648,
            "mean": 831962.8,
            "median": 650000.0
        },
        "4.0": {
            "count": 6139,
            "mean": 1580126.07,
            "median": 1300000.0
        },
        "5.0": {
            "count": 1689,
            "mean": 1620083.97,
            "median": 1250000.0
        }
    },
    "top_10_expensive_cities": {
        "Ipojuca": {
            "count": 308,
            "median": 15001.20338983051
        },
        "Balneário Camboriú": {
            "count": 81,
            "median": 14444.444444444443
        },
        "Vitória": {
            "count": 234,
            "median": 10511.437908496733
        },
        "Nova Lima": {
            "count": 26,
            "median": 9760.05
        },
        "Itajaí": {
            "count": 78,
            "median": 9438.063063063062
        },
        "Cabo de Santo Agostinho": {
            "count": 31,
            "median": 9339.622641509432
        },
        "Vila Velha": {
            "count": 885,
            "median": 9166.666666666666
        },
        "Florianópolis": {
            "count": 624,
            "median": 9143.724696356274
        },
        "Bertioga": {
            "count": 30,
            "median": 8660.714285714286
        },
        "Cabedelo": {
            "count": 344,
            "median": 8125.0
        }
    }
}